id,category,screen,ko_translation,notes,review_status
stage_1,스테이지 이름,AREA 1 시작,달의 별,원본 폰트와 톤앤매너가 최대한 비슷한 한글 폰트를 사용해줘. 라이선스 확인 필수.,검토 완료
stage_2,스테이지 이름,AREA 2 시작,불의 별,원본 폰트와 톤앤매너가 최대한 비슷한 한글 폰트를 사용해줘. 라이선스 확인 필수.,검토 완료
stage_3,스테이지 이름,AREA 3 시작,물의 별,원본 폰트와 톤앤매너가 최대한 비슷한 한글 폰트를 사용해줘. 라이선스 확인 필수.,검토 완료
stage_4,스테이지 이름,AREA 4 시작,나무의 별,원본 폰트와 톤앤매너가 최대한 비슷한 한글 폰트를 사용해줘. 라이선스 확인 필수.,검토 완료
stage_5,스테이지 이름,AREA 5 시작,돈의 별,원본 폰트와 톤앤매너가 최대한 비슷한 한글 폰트를 사용해줘. 라이선스 확인 필수.,검토 완료
stage_6,스테이지 이름,AREA 6 시작,흙의 별,원본 폰트와 톤앤매너가 최대한 비슷한 한글 폰트를 사용해줘. 라이선스 확인 필수.,검토 완료
stage_7,스테이지 이름,AREA 7 시작,태양의 별,원본 폰트와 톤앤매너가 최대한 비슷한 한글 폰트를 사용해줘. 라이선스 확인 필수.,검토 완료
stage_8,스테이지 이름,AREA 8 시작,태양의 별／내부,원본 폰트와 톤앤매너가 최대한 비슷한 한글 폰트를 사용해줘. 라이선스 확인 필수.,검토 완료
opening_bubble,스토리 그림,오프닝: 마도사에게 힘이 깃든 직후,어라?,"그림을 수정하지 말고, 그림 바로 아래에(일정 간격을 띄고) 자막으로 출력할 수 있나 검토.",검토 완료
ending_robot,엔딩 그림,스트레스 해소 엔딩 / 보통·어려움 후 추가 START,이걸로 이겼다고 생각하지 마!,"그림을 수정하지 말고, 그림 바로 아래에(일정 간격을 띄고) 자막으로 출력할 수 있나 검토.",검토 완료
ending_normal,엔딩 그림,보통: 스태프롤 완료 후 START,축! 적 전멸!,"그림을 수정하지 말고, 그림 바로 아래에(일정 간격을 띄고) 자막으로 출력할 수 있나 검토.",검토 완료
ending_hard,엔딩 그림,어려움: 스태프롤 완료 후 START,대단해! 당신은 천재야!,"그림을 수정하지 말고, 그림 바로 아래에(일정 간격을 띄고) 자막으로 출력할 수 있나 검토.",검토 완료
ending_puttsun,엔딩 그림,이판사판: 스태프롤 완료 후 START,대단해! 당신은 신이야!,"그림을 수정하지 말고, 그림 바로 아래에(일정 간격을 띄고) 자막으로 출력할 수 있나 검토.",검토 완료
fire_warning,추가 확인 필요,불의 별 관련 배경 타일: 실제 노출 위치 미확정,불장난 조심!!,원본유지. 미번역,검토 완료
fire_boss,추가 확인 필요,불의 별 관련 배경 타일: 실제 노출 위치 미확정,보스다,원본유지. 미번역,검토 완료
fire_lie,추가 확인 필요,불의 별 관련 배경 타일: 실제 노출 위치 미확정,(거짓말),원본유지. 미번역,검토 완료
fire_true,추가 확인 필요,불의 별 관련 배경 타일: 실제 노출 위치 미확정,(진짜),원본유지. 미번역,검토 완료
money_unit,작은 그림 표기,플레이 중 금액·돈 관련 작은 숫자 그림,엔,원본유지. 미번역,검토 완료
bank,장식·소품,돈의 별: 은행 모양 적,은행,원본유지. 미번역,검토 완료
coin,장식·소품,돈의 별: 고양이의 금화,천 냥,원본유지. 미번역,검토 완료
robot_gold,장식·소품,로봇 엔딩 그림: 옷의 한자 장식,돈,원본유지. 미번역,검토 완료
title_start,남은 공용 UI,타이틀 화면,게임 시작,원본유지. 미번역,검토 완료
title_config,남은 공용 UI,타이틀 화면,환경 설정,원본유지. 미번역,검토 완료
title_high,남은 공용 UI,타이틀 화면,최고 점수,원본유지. 미번역,검토 완료
title_score,남은 공용 UI,타이틀 화면,점수,원본유지. 미번역,검토 완료
area_label,남은 공용 UI,스테이지 시작·완료,구역 {번호},원본유지. 미번역,검토 완료
clear_label,남은 공용 UI,스테이지 완료,완료,원본유지. 미번역,검토 완료
continue,남은 공용 UI,게임 오버 후 재시작 선택,이어 하기,원본유지. 미번역,검토 완료
game_over,남은 공용 UI,게임 오버 후 재시작 선택,게임 종료,원본유지. 미번역,검토 완료
logos,유지 권장,타이틀·회사 로고·무기 식별,원형 유지,원본유지. 미번역,검토 완료
