group,jp_record_offset,jp_text_offset,ppu_address,x,y,ko_translation,review_status
settings,0x001471,0x001473,0x20C8,8,6,건낙 조종실,검토 완료
settings,0x001471,0x001489,0x2146,6,10,구역,검토 완료
settings,0x001471,0x001491,0x2186,6,12,소리 듣기,검토 완료
settings,0x001471,0x00149F,0x21C6,6,14,난이도,검토 완료
settings,0x001471,0x0014AD,0x2206,6,16,적의 반격,검토 완료
settings,0x0014B7,0x0014B9,0x2286,6,20,무기: {무기번호},검토 완료
settings,0x0014B7,0x0014C4,0x22C6,6,22,폭탄: {폭탄번호},검토 완료
settings,0x0014D5,0x0014D7,0x21B6,22,13, ,배치용 공백
settings,0x0014D5,0x0014DB,0x21D3,19,14,(스트레스 해소),검토 완료
settings,0x0014EA,0x0014EC,0x21B6,22,13, ,배치용 공백
settings,0x0014EA,0x0014F0,0x21D3,19,14,(보통),검토 완료
settings,0x0014FE,0x001500,0x21B4,20,13, ,배치용 공백
settings,0x0014FE,0x001504,0x21D3,19,14,(어려움),검토 완료
settings,0x001513,0x001515,0x21B6,22,13, ,배치용 공백
settings,0x001513,0x001519,0x21D3,19,14,(이판사판),검토 완료
settings,0x001526,0x001528,0x2210,16,16,없음,검토 완료
settings,0x00152B,0x00152D,0x2210,16,16,있음,검토 완료
settings,0x001530,0x001532,0x2306,6,24,죽음 있음,검토 완료
settings,0x00153C,0x00153E,0x2306,6,24,무적,검토 완료
settings,0x001548,0x00154A,0x2246,6,18,그림 표시 우선,검토 완료
settings,0x001548,0x00155A,0x2228,8,17, ,배치용 공백
settings,0x00155C,0x00155E,0x2246,6,18,처리 속도 우선,검토 완료
settings,0x00155C,0x00156C,0x2227,7,17, ,배치용 공백
shop,0x001FB1,0x001FB3,0x2203,3,16,가진 돈: {소지금}엔,검토 완료
shop,0x001FC4,0x001FC6,0x2287,7,20,죄송하지만 돈이 모자라요.,검토 완료
shop,0x001FDF,0x001FE1,0x234C,12,26,A나 B 버튼을 눌러 주세요.,검토 완료
shop,0x001FF7,0x001FF9,0x2265,5,19,어서 오세요!,검토 완료
shop,0x001FF7,0x002005,0x22A6,6,21,첫 방문이니 폭탄 4개를,검토 완료
shop,0x001FF7,0x002024,0x22E5,5,23,무료로 드릴게요.,검토 완료
shop,0x002038,0x00203A,0x22A6,6,21,같은 종류의 폭탄을 계속 모으면,검토 완료
shop,0x002038,0x00205A,0x22E5,5,23,위력이 점점 강해져요.,검토 완료
shop,0x002072,0x002074,0x22A6,6,21,다만 한 번에 20개까지만 가질 수 있으니,검토 완료
shop,0x002072,0x002092,0x22E5,5,23,주의해 주세요.,검토 완료
shop,0x0020A1,0x0020A3,0x2245,5,18,보내신 폭탄이 도착했어요.,검토 완료
shop,0x0020A1,0x0020B2,0x2285,5,20,폭탄은,검토 완료
shop,0x0020A1,0x0020BA,0x228C,12,20,{폭탄종류}가,검토 완료
shop,0x0020A1,0x0020BF,0x228F,15,20,{폭탄수량}개예요.,검토 완료
shop,0x0020A1,0x0020C7,0x22C5,5,22,받아 주세요.,검토 완료
shop,0x0020D6,0x0020D8,0x2245,5,18,무엇으로 하시겠습니까?,검토 완료
shop,0x0020D6,0x0020E4,0x2287,7,20,1. 무기 구입      1개 10엔,검토 완료
shop,0x0020D6,0x0020FD,0x22C7,7,22,2. 연사력 강화    1회 6엔,검토 완료
shop,0x0020D6,0x002118,0x2307,7,24,3. 폭탄 보내기    1개 4엔,검토 완료
shop,0x0020D6,0x002132,0x2347,7,26,4. 나가기,검토 완료
shop,0x002138,0x00213A,0x2285,5,20,이용해 주셔서 고마워요!,검토 완료
shop,0x00214F,0x002151,0x2245,5,18,"현재 무기는 {무기번호}번, {무기레벨}단계예요.",검토 완료
shop,0x00214F,0x00216E,0x2285,5,20,무엇을 사시겠어요?,검토 완료
shop,0x00214F,0x00217B,0x22C9,9,22,1 2 3 4 5 날개,검토 완료
shop,0x00214F,0x00218E,0x2326,6,25,A: 선택  B: 취소,검토 완료
shop,0x0021A0,0x0021A2,0x2283,3,20,날개를 사야 더 강하게 만들 수 있어요.,검토 완료
shop,0x0021C3,0x0021C5,0x2283,3,20,더는 강화할 수 없어요.,검토 완료
shop,0x0021E0,0x0021E2,0x2283,3,20,이미 날개가 있어요.,검토 완료
shop,0x0021F7,0x0021F9,0x2245,5,18,현재 연사력은 {연사단계}단계예요.,검토 완료
shop,0x002211,0x002213,0x2285,5,20,연사력을 높일까요?,검토 완료
shop,0x002211,0x002225,0x2326,6,25,A: 확인  B: 취소,검토 완료
shop,0x002238,0x00223A,0x2285,5,20,연사력은 더 높일 수 없어요.,검토 완료
shop,0x002256,0x002258,0x2245,5,18,어느 AREA로 보낼까요?,검토 완료
shop,0x002256,0x00226C,0x2287,7,20,이곳은,검토 완료
shop,0x002256,0x002273,0x22C9,9,22,1 2 3 4 5 6 7 8,원문 표기 유지
shop,0x002256,0x002285,0x2326,6,25,A: 선택  B: 취소,검토 완료
shop,0x002297,0x002299,0x2245,5,18,여기 AREA로 어떤 폭탄을 보낼까요?,검토 완료
shop,0x002297,0x0022B8,0x2287,7,20,이곳은,검토 완료
shop,0x002297,0x0022BF,0x22C9,9,22,F B T W,원문 표기 유지
shop,0x002297,0x0022C9,0x2326,6,25,A: 보내기  B: 마치기,검토 완료
shop,0x0022DA,0x0022DC,0x228D,13,20,{폭탄종류} 폭탄이 {배송수량}개 보내져 있어요.,검토 완료
shop,0x0022EC,0x0022EE,0x228C,12,20,아직 보내진 폭탄이 없어요.,검토 완료
shop,0x0022EC,0x002300,0x226D,13,19, ,배치용 공백
shop,0x002302,0x002304,0x2283,3,20,죄송하지만 여기서부터는 폭탄을 보낼 수 없어요.,검토 완료
shop,0x002325,0x002327,0x2246,6,18,그럼 이걸 덤으로 드릴게요.,검토 완료
shop,0x002325,0x002342,0x2286,6,20,돈이 10엔 모일 때마다 알아서,검토 완료
shop,0x002325,0x00235F,0x22C5,5,22,폭탄으로 바꿔 주는 컨버터예요.,검토 완료
opening,0x00298D,0x00298F,0x2225,5,17,7개의 별과 인공 태양으로 이루어진,검토 완료
opening,0x00298D,0x0029A8,0x2264,4,19,평화로운 킨가 항성계…,검토 완료
opening,0x0029BD,0x0029BF,0x22A5,5,21,"하지만 지금, 그 평화가 위협받고 있었다.",검토 완료
opening,0x0029D8,0x0029DA,0x2225,5,17,세계 곳곳의 공장에서 만들어 낸 물건에,검토 완료
opening,0x0029D8,0x0029F6,0x2264,4,19,기묘한 것들이 섞여 나오기 시작했다.,검토 완료
opening,0x0029D8,0x002A0D,0x22A5,5,21,이윽고 그것들이 사람들을 덮치기 시작했다.,검토 완료
opening,0x002A2B,0x002A2D,0x2225,5,17,"아무리 조사해도 원인을 알아내지 못하는 사이,",검토 완료
opening,0x002A2B,0x002A4C,0x2264,4,19,공장에서 나오는 것들은 점점 더 흉포해졌다.,검토 완료
opening,0x002A2B,0x002A65,0x22A4,4,21,"결국 공장마저 그것들에게 점령당했고,",검토 완료
opening,0x002A2B,0x002A7F,0x22E4,4,23,온 세상은 큰 혼란에 빠졌다.,검토 완료
opening,0x002A94,0x002A96,0x2225,5,17,"방위대를 조직했지만, 끊임없이 만들어지는",검토 완료
opening,0x002A94,0x002AB3,0x2264,4,19,적들을 당해 낼 수 없었다.,검토 완료
opening,0x002ACB,0x002ACD,0x2225,5,17,"15번째 회의에서 모두가 절망에 빠졌을 때,",검토 완료
opening,0x002ACB,0x002AEA,0x2264,4,19,이 세계에서 가장 뛰어난 마도사가,검토 완료
opening,0x002ACB,0x002B0A,0x22A4,4,21,불쑥 모습을 드러냈다.,검토 완료
opening,0x002B14,0x002B16,0x2224,4,17,“이 소동을 일으킨 것은 예사로운 적이 아니오.,검토 완료
opening,0x002B14,0x002B2F,0x2263,3,19,싸움을 즐기는 사악한 존재가,검토 완료
opening,0x002B14,0x002B4B,0x22A3,3,21,우리의 힘을 뛰어넘는 힘으로,검토 완료
opening,0x002B14,0x002B67,0x22E3,3,23,이 세계를 조종하고 있소.,검토 완료
opening,0x002B14,0x002B7A,0x2324,4,25,평범한 방법으로 싸워서는 이길 수 없소.”,검토 완료
opening,0x002B90,0x002B92,0x2224,4,17,"“하지만, 무슨 방법이라도 있단 말이오?”",검토 완료
opening,0x002B90,0x002BAB,0x2264,4,19,“우리와는 다른 세계의 힘을 빌리는 것이오.,검토 완료
opening,0x002B90,0x002BCA,0x22A3,3,21,"싸울 힘이 넘치는,",검토 완료
opening,0x002B90,0x002BE5,0x22E3,3,23,또 다른 세계의 힘을.”,검토 완료
opening,0x002BF0,0x002BF2,0x2225,5,17,그리하여 지푸라기라도 잡는 심정으로,검토 완료
opening,0x002BF0,0x002C10,0x2264,4,19,다른 세계의 힘을 불러들이기 시작했다.,검토 완료
opening,0x002BF0,0x002C1A,0x22A5,5,21,마도사는 싸울 힘이 넘치는 세계로 통하는,검토 완료
opening,0x002BF0,0x002C36,0x22E4,4,23,공간의 길을 열었다.,검토 완료
opening,0x002BF0,0x002C4F,0x2325,5,25,…바로 그때!,검토 완료
opening,0x002C59,0x002C5B,0x2225,5,17,빛과 함께 힘이 흘러들어,검토 완료
opening,0x002C59,0x002C73,0x2264,4,19,마도사의 몸에 깃들었다.,검토 완료
opening,0x002C82,0x002C84,0x2225,5,17,…그리하여 마도사는,검토 완료
opening,0x002C82,0x002C9B,0x2264,4,19,함께 나타난 전투기의 조종사가 되어,검토 완료
opening,0x002C82,0x002CBC,0x22A4,4,21,세계의 운명을 건 싸움을 향해,검토 완료
opening,0x002C82,0x002CD7,0x22E4,4,23,날아오르게 된 것이다.,검토 완료
ending,0x002CEA,0x002CEC,0x2625,5,17,세계를 지배하려던 뮤턴트는,검토 완료
ending,0x002CEA,0x002D07,0x2664,4,19,"마도사에게 쓰러졌고, 인공 태양은",검토 완료
ending,0x002CEA,0x002D24,0x26A4,4,21,본래 모습으로 돌아왔다.,검토 완료
ending,0x002D36,0x002D38,0x2625,5,17,뮤턴트에게 조종당하던 적들은,검토 완료
ending,0x002D36,0x002D56,0x2664,4,19,"모두 움직임을 멈췄고, 온 세상에",검토 완료
ending,0x002D36,0x002D74,0x26A4,4,21,평화가 돌아왔다.,검토 완료
ending,0x002D7B,0x002D7D,0x2625,5,17,"그 뮤턴트가 어디서 왔는지, 정체가 무엇인지는",검토 완료
ending,0x002D7B,0x002D9A,0x2664,4,19,"수수께끼로 남았지만,",검토 완료
ending,0x002D7B,0x002DB5,0x26A4,4,21,일단 위기는 지나갔다.,검토 완료
ending,0x002DC1,0x002DC3,0x2625,5,17,"마도사가 자신의 별로 돌아오자,",검토 완료
ending,0x002DC1,0x002DD7,0x2664,4,19,몸에 깃들었던 힘도 전투기와 함께,검토 완료
ending,0x002DC1,0x002DF1,0x26A4,4,21,"사라졌고, 모든 것이 예전으로 돌아왔다.",검토 완료
ending,0x002E06,0x002E08,0x2625,5,17,"모두가 그 공로를 칭송했지만,",검토 완료
ending,0x002E06,0x002E1F,0x2664,4,19,마도사는 잊지 않았다.,검토 완료
ending,0x002E34,0x002E36,0x2625,5,17,그 뮤턴트처럼 두려운 존재는,검토 완료
ending,0x002E34,0x002E55,0x2664,4,19,언젠가 또 어딘가에 나타날 것이 틀림없다는 것을.,검토 완료
ending,0x002E34,0x002E72,0x26A4,4,21,결코 방심해서는 안 된다는 것을.,검토 완료
ending,0x002E86,0x002E88,0x2625,5,17,응…?,검토 완료
ending,0x002E8E,0x002E90,0x2665,5,19,트로피라고? 뭔가 좀 이상한데…,검토 완료
ending,0x002E8E,0x002EAC,0x26A4,4,21,스포츠도 아니잖아…,검토 완료
credits,0x001804,0x001805,scroll,4,,COMPILE STAFF,검토 완료
credits,0x001814,0x001815,scroll,6,,게임 디자인 · 프로그래밍,검토 완료
credits,0x00182B,0x00182C,scroll,8,,만화 아레스타는 어떻게 된 거야? 제미니,검토 완료
credits,0x001849,0x00184A,scroll,8,,컬러 모니터가 갖고 싶은 미즈타,검토 완료
credits,0x001864,0x001865,scroll,6,,그래픽 디자이너,검토 완료
credits,0x001876,0x001877,scroll,8,,잠꾸러기 JANUS,검토 완료
credits,0x001883,0x001884,scroll,8,,파파게나 누님,검토 완료
credits,0x001893,0x001894,scroll,6,,음악,검토 완료
credits,0x00189A,0x00189B,scroll,8,,프로 골퍼 사코다,검토 완료
credits,0x0018AD,0x0018AE,scroll,6,,효과음,검토 완료
credits,0x0018B4,0x0018B5,scroll,8,,MATS,원문 표기 유지
credits,0x0018BB,0x0018BC,scroll,6,,도움을 주신 분들,검토 완료
credits,0x0018C8,0x0018C9,scroll,8,,도구와 컨버터,검토 완료
credits,0x0018D8,0x0018D9,scroll,10,,C++ 없인 못 사는 TAKA,검토 완료
credits,0x0018E7,0x0018E8,scroll,10,,포치 [사이버] 나카모리,검토 완료
credits,0x0018FB,0x0018FC,scroll,6,,제작 협력,검토 완료
credits,0x001907,0x001908,scroll,8,,MOO NIITANI,원문 표기 유지
credits,0x001917,0x001918,scroll,4,,TONKIN HOUSE STAFF,검토 완료
credits,0x00192C,0x00192D,scroll,8,,ORIGINAL PLAN,검토 완료
credits,0x00193B,0x00193C,scroll,10,,M.AZUMA,원문 표기 유지
credits,0x001945,0x001946,scroll,8,,DIRECTOR,검토 완료
credits,0x00194F,0x001950,scroll,10,,ASTINA MATSU,원문 표기 유지
credits,0x00195E,0x00195F,scroll,8,,DESIGNER,검토 완료
credits,0x001968,0x001969,scroll,10,,K.YANO,원문 표기 유지
credits,0x001970,0x001971,scroll,10,,YOKORIN,원문 표기 유지
credits,0x001979,0x00197A,scroll,10,,Y.KANEKO,원문 표기 유지
credits,0x001984,0x001985,scroll,8,,TECHNICAL SUPPORT,검토 완료
credits,0x001997,0x001998,scroll,10,,MIYATAN,원문 표기 유지
credits,0x0019A0,0x0019A1,scroll,10,,YOSSHA MATSU,원문 표기 유지
credits,0x0019AF,0x0019B0,scroll,8,,SPECIAL THANKS TO,검토 완료
credits,0x0019C2,0x0019C3,scroll,10,,EMARIN,원문 표기 유지
credits,0x0019CA,0x0019CB,scroll,10,,KUSUKE,원문 표기 유지
credits,0x0019D2,0x0019D3,scroll,10,,H.SHIBATA,원문 표기 유지
credits,0x0019DD,0x0019DE,scroll,10,,KAZO OYAMADA,원문 표기 유지
credits,0x0019EB,0x0019EC,scroll,10,,KANTA.U,원문 표기 유지
credits,0x0019F4,0x0019F5,scroll,10,,YAKO PIAPIA,원문 표기 유지
credits,0x001A02,0x001A03,scroll,8,,PRODUCER,검토 완료
credits,0x001A0C,0x001A0D,scroll,10,,IKURO URAI,원문 표기 유지
credits,0x001A1A,0x001A1B,scroll,11,,,로고 유지
credits,0x001A25,0x001A26,scroll,14,,AND,검토 완료
credits,0x001A2A,0x001A2B,scroll,10,,,로고 유지
credits,0x001A37,0x001A38,scroll,10,,,로고 유지
credits,0x001A44,0x001A45,scroll,10,, ,배치용 공백
